{"cameraMode":{"drawMode":0,"name":"Shaded","section":"Shading Mode"},"sceneLighting":true,"audioPlay":false,"sceneViewState":{"showFog":true,"showMaterialUpdate":false,"showSkybox":true,"showFlares":true,"showImageEffects":true,"showParticleSystems":true},"in2DMode":false,"pivot":{"x":51.13704299926758,"y":-4.140402317047119,"z":5.018038272857666},"rotation":{"x":0.07391053438186646,"y":0.6929503679275513,"z":-0.07178214937448502,"w":0.7136490941047669},"size":18.530378341674806,"orthographic":false}