{"cameraMode":{"drawMode":0,"name":"Shaded","section":"Shading Mode"},"sceneLighting":true,"audioPlay":false,"sceneViewState":{"showFog":true,"showMaterialUpdate":false,"showSkybox":true,"showFlares":true,"showImageEffects":true,"showParticleSystems":true},"in2DMode":false,"pivot":{"x":6.407886505126953,"y":-8.985666275024414,"z":14.167579650878907},"rotation":{"x":0.3184683918952942,"y":0.03269130364060402,"z":-0.010992084629833699,"w":0.9473171234130859},"size":24.10310173034668,"orthographic":false}