{"cameraMode":{"drawMode":0,"name":"Shaded","section":"Shading Mode"},"sceneLighting":true,"audioPlay":false,"sceneViewState":{"showFog":true,"showMaterialUpdate":false,"showSkybox":true,"showFlares":true,"showImageEffects":true,"showParticleSystems":true},"in2DMode":false,"pivot":{"x":7.011848449707031,"y":1.8472530841827393,"z":-6.400386333465576},"rotation":{"x":0.0006024044705554843,"y":-0.9745935201644898,"z":-0.0026217533741146328,"w":-0.223977193236351},"size":6.401227951049805,"orthographic":false}