{"cameraMode":{"drawMode":0,"name":"Shaded","section":"Shading Mode"},"sceneLighting":true,"audioPlay":false,"sceneViewState":{"showFog":true,"showMaterialUpdate":false,"showSkybox":true,"showFlares":true,"showImageEffects":true,"showParticleSystems":true},"in2DMode":false,"pivot":{"x":0.484774112701416,"y":-0.22373855113983155,"z":6.898326396942139},"rotation":{"x":-0.07948626577854157,"y":-0.07707918435335159,"z":0.006164984777569771,"w":-0.9938345551490784},"size":4.712761402130127,"orthographic":false}