{"cameraMode":{"drawMode":0,"name":"Shaded","section":"Shading Mode"},"sceneLighting":true,"audioPlay":false,"sceneViewState":{"showFog":true,"showMaterialUpdate":false,"showSkybox":true,"showFlares":true,"showImageEffects":true,"showParticleSystems":true},"in2DMode":false,"pivot":{"x":-0.5313313007354736,"y":-1.0562647581100464,"z":17.677608489990236},"rotation":{"x":0.18761110305786134,"y":-0.07653376460075379,"z":0.014661863446235657,"w":0.9791585206985474},"size":19.611255645751954,"orthographic":false}