{"cameraMode":{"drawMode":0,"name":"Shaded","section":"Shading Mode"},"sceneLighting":true,"audioPlay":false,"sceneViewState":{"showFog":true,"showMaterialUpdate":false,"showSkybox":true,"showFlares":true,"showImageEffects":true,"showParticleSystems":true},"in2DMode":false,"pivot":{"x":2.295041084289551,"y":-0.7144412994384766,"z":9.887600898742676},"rotation":{"x":0.1698177456855774,"y":0.15481726825237275,"z":-0.027018200606107713,"w":0.9728794693946838},"size":7.0211029052734379,"orthographic":false}