{"cameraMode":{"drawMode":0,"name":"Shaded","section":"Shading Mode"},"sceneLighting":true,"audioPlay":false,"sceneViewState":{"showFog":true,"showMaterialUpdate":false,"showSkybox":true,"showFlares":true,"showImageEffects":true,"showParticleSystems":true},"in2DMode":false,"pivot":{"x":-1.864212155342102,"y":-0.09003478288650513,"z":1.72053062915802},"rotation":{"x":-0.1318735033273697,"y":-0.027655959129333497,"z":0.0036785206757485868,"w":-0.99088054895401},"size":4.933012962341309,"orthographic":false}